job_title,company_name,location,job_type,salary,experience_level,job_description,posting_date,job_url
Python Developer,"omega solutions incTampa, FL","omega solutions incTampa, FL",,,,,,https://www.indeed.com/rc/clk?jk=075936ed713bd8e3&bb=7jBLrt0dZt-cfqQklIq4c-rwXRFuusDMJrJ9qhNdeQsUxSwdLViA_5yiE-CE99-SbR1wvK0_mhtSO6u4TX9Ekil6EJ2ILoCtWNnxDHyDVvStGdqWsPkS-radt9NIilVsJjzG-jvZo_Ir7XErEumOlw%3D%3D&xkcb=SoDU67M3oHIB0ey06J0LbzkdCdPP&fccid=9e399301940ed66e&vjs=3
Python Developer,"Apollo Technology Solutions LLCTrenton, NJ 08618 (Downtown area)","Apollo Technology Solutions LLCTrenton, NJ 08618 (Downtown area)",,,,,,https://www.indeed.com/rc/clk?jk=2224c4b9d97a473b&bb=7jBLrt0dZt-cfqQklIq4c3Nb2VWKJULdPyIIKr5xsXich1aDvfOd_KITbolVfKviF8wEpSY5TPR1YhG7yE2qWslj0E61-h-CHacYh1xdBfTRLkV7exE-aksT1qKp5jXAP7nMX4geKsG2PdTvoZOLVA%3D%3D&xkcb=SoBg67M3oHIB0ey06J0KbzkdCdPP&fccid=1bb3f3ef6775c837&vjs=3
Junior Python Developer,General Dynamics Information TechnologyRemote in Indiana,General Dynamics Information TechnologyRemote in Indiana,remote,,junior,,,https://www.indeed.com/rc/clk?jk=e85de77b12b19ab9&bb=7jBLrt0dZt-cfqQklIq4c-rwXRFuusDMk6PqHA_8rpu8gROcs6lo3VQ_77ML--RzWJNuTiD6p5WKbEfLjQY67NyZ5YKxWwdjf1lPv_ijsIxqV9twY-szrmjhHD7_RmpCp6ANkfubd55KNKn23JnFcA%3D%3D&xkcb=SoD967M3oHIB0ey06J0JbzkdCdPP&fccid=11caadcdc98800d4&vjs=3
Python Developer,"Hexagon InfosoftMiddletown, DE 19709","Hexagon InfosoftMiddletown, DE 19709",,,,,,https://www.indeed.com/rc/clk?jk=453d73a669694605&bb=7jBLrt0dZt-cfqQklIq4c2SBIXoHhE83eNOjNZ5AheRTh613Y1vOJL6lSN7sIelJtq8oKhN0Fbb32t5GlWB4jXmlt-2ZU24NS5YkythPZ8sDCy13yvrtTjBbWTV4BiQgKJEaxOXv7gOxxC3Sk1kbcA%3D%3D&xkcb=SoBJ67M3oHIB0ey06J0IbzkdCdPP&fccid=dc71d2365a348009&vjs=3
PYTHON DEVELOPER,"PythonwiseSeattle, WA","PythonwiseSeattle, WA",,,,,,https://www.indeed.com/rc/clk?jk=1a20a1c56fb7df73&bb=7jBLrt0dZt-cfqQklIq4c-QxpcPArosCnkhDJvHjwOVTnXtP8CfuFksVHnorsW2rHfS40o4druVQrwSdC600i9-Q79z_fZJj1vFjsuZVAlGF8GXUgpD0tCZhDW4XogiGPiE6pkHUOMidmxXCTl6bAg%3D%3D&xkcb=SoDH67M3oHIB0ey06J0PbzkdCdPP&fccid=fe0035950dcdac14&vjs=3
Software Engineer (Junior),Terran Robotics Inc.Remote,Terran Robotics Inc.Remote,remote,,junior,,,https://www.indeed.com/rc/clk?jk=838cbed6b484cdd1&bb=7jBLrt0dZt-cfqQklIq4c6R4Q_VGClZEc-iuZH_j8cvStbMevt60HtIBuL9mgk8PfCyOGm-UlRqcBioCyIbQIT1feKHO7izGJHjfqaDLsMhaQhOP2FPuiLEGGbs2O0j2MRm9w0MqFeeOxiRH7r0dJA%3D%3D&xkcb=SoBz67M3oHIB0ey06J0ObzkdCdPP&fccid=066f4fa8aa89022e&vjs=3
"Python Developer , Officer","State StreetQuincy, MA","State StreetQuincy, MA",,,,,,https://www.indeed.com/rc/clk?jk=be6907346c587b16&bb=7jBLrt0dZt-cfqQklIq4c46wVJYn3aafisE2LqABLf0iFy_0d8VBZJibB8LkiLH5QWZHu5hhk0R3eaw2eX4zashVpjv3GrFUOMTBuS72g7Z2KPLigloM0pKZuFbTfxzyXgsmH_lkH8ggHUy1mPMZjg%3D%3D&xkcb=SoDu67M3oHIB0ey06J0NbzkdCdPP&fccid=e6b27151b5aa8637&vjs=3
Python API Engineer Contract,"AKAASA TechnologiesRemote in Boston, MA","AKAASA TechnologiesRemote in Boston, MA",remote,,,,,https://www.indeed.com/rc/clk?jk=a1107b2bf0f792a9&bb=7jBLrt0dZt-cfqQklIq4cx218D3m4Bi6re-fmsVwpKCZzBNrq6q_1yPBMWrq0oqCU7I2EUL5WYISb_AWP_mzryz3cJ2HWhhFmmVMc4F6fM9yPyUhF_MUP1Y9XsKT61zSBEf7HaoWyezgcwY3spitXg%3D%3D&xkcb=SoBa67M3oHIB0ey06J0MbzkdCdPP&fccid=3d123bcb12ca1c8c&vjs=3
Python API Engineer Contract,"AKAASA TechnologiesRemote in Boston, MA","AKAASA TechnologiesRemote in Boston, MA",remote,,,,,https://www.indeed.com/viewjob?jk=789abcdef0123456
Python Developer,"Set of XFort Meade, MD 20755","Set of XFort Meade, MD 20755",,,,,,https://www.indeed.com/rc/clk?jk=1aab0810e5ddbac4&bb=7jBLrt0dZt-cfqQklIq4cyRWSYbXk1IRzbOtaSJAFjBy6ovHT6Egw5t5fa7WJT-VpEHmZTX4-IxJfBr3PbV8fx1G42f3IFuwiFeIIzfVixImUbxmUMFHgqC-pvqeDaLqbEVriG81yzBmww56X-8c_w%3D%3D&xkcb=SoCz67M3oHIB0ey06J0DbzkdCdPP&fccid=dd616958bd9ddc12&vjs=3
Python Developer,"ITROak Ridge, TN","ITROak Ridge, TN",,,,,,https://www.indeed.com/rc/clk?jk=864f02b47a9a534d&bb=7jBLrt0dZt-cfqQklIq4c2pr0VQUKiWSY9wTDf9fGNX5YCZdB8CjrJ_H0SuyfJL0B7n81sLwVBJDhbz7zfPDYXmxGYTRXY1gAoZKGQP32jTt9MuskS5lhgNHSlnIiAzLSVYwimJyXHgRsxrJRAscpA%3D%3D&xkcb=SoAH67M3oHIB0ey06J0CbzkdCdPP&fccid=f2e2d490e6ec7c1d&vjs=3
Senior Staff Python Engineer,"AstraAlameda, CA 94501 (Alameda Point area)","AstraAlameda, CA 94501 (Alameda Point area)",,,senior,,,https://www.indeed.com/rc/clk?jk=17c86db655f72b4e&bb=7jBLrt0dZt-cfqQklIq4c91L9yfYiOFb65f_JZpuQp3srh_3StI5_KWWlDFQpkqWZb71dxoMjorWjnDKg599bODLTSCJQKGCNxb608YR1CBK0o9a2_Hl4ni0f5fyFm1eUnYi14MOtLN7_DDXquHSGQ%3D%3D&xkcb=SoCa67M3oHIB0ey06J0BbzkdCdPP&fccid=8be248384841d702&vjs=3
Python Developer,"Fixity Technologies LLCIrvine, CA","Fixity Technologies LLCIrvine, CA",,,,,,https://www.indeed.com/rc/clk?jk=910b057268cfd488&bb=7jBLrt0dZt-cfqQklIq4c0NG23bChP6kPIvZDelkM0zdAXJ3z9vDJV1xjwXnigsq2f43Z07JRW81QWKNYg6uk7TWVMaQnctRnLQEF5Z7TEtB1l0rAH586mrbnyM6GqmVnwBMhtEwY7mJ1xBvY7hISA%3D%3D&xkcb=SoAu67M3oHIB0ey06J0AbzkdCdPP&fccid=ebb2d60ed9b7d877&vjs=3
Python Developer (GC--USC),"Sonsoft IncPrinceton, NJ","Sonsoft IncPrinceton, NJ",,,,,,https://www.indeed.com/rc/clk?jk=4e2d84d031a4c2d5&bb=7jBLrt0dZt-cfqQklIq4c65GngS96ErwkyW9uPhTjln8cmfD85kvC8BJEfvMlaS97HvgqZomFZuUWmcE7Cq_LJB4mRPGaIQP3CkaAeS3ZvNMNhTWBpoxo2X0Q1_scozZT-r01k1kcRyB7-1gw92f7w%3D%3D&xkcb=SoCg67M3oHIB0ey06J0HbzkdCdPP&fccid=53810f949cbcc7b9&vjs=3
Python Developer (AWS),"Integrated Technology Strategies, Inc.Dallas, TX 75201","Integrated Technology Strategies, Inc.Dallas, TX 75201",,,,,,https://www.indeed.com/rc/clk?jk=cb1fe8a6b26f986f&bb=7jBLrt0dZt-cfqQklIq4c9urUEpy8lMLfRk3nkYOwmiyjeDFl8HAIzoqxr5InFe-kSURgc4suW3UXoVtCpr4m6Vfo2KiD7NdkmUO6WkNrEKEsiPCxUZOUUnLJs66MNzL7RcXT1RosyZGQ1s8kJSAqA%3D%3D&xkcb=SoAU67M3oHIB0ey06J0GbzkdCdPP&fccid=e59da8d4d84433df&vjs=3
Python Developer,"ITROak Ridge, TN","ITROak Ridge, TN",,,,,,https://www.indeed.com/rc/clk?jk=1195302004bc298c&bb=7jBLrt0dZt-cfqQklIq4c-3EUTZZDN50MP3Qm2NnUV4gti2CFNJlGtfAtMjPo33AxtdZcjRIjj49jn6PKqIQeQByOU57G0S89-KCOGVZSZN4c3tXfxz1iEIn-ww8FzCk-F-tNfduH6MxuwMF39_ODA%3D%3D&xkcb=SoCJ67M3oHIB0ey06J0FbzkdCdPP&fccid=f2e2d490e6ec7c1d&vjs=3
Senior Python Developer,"Shield Consulting SolutionsLinthicum, MD","Shield Consulting SolutionsLinthicum, MD",,,senior,,,https://www.indeed.com/rc/clk?jk=c96c1a8a2f35b3d2&bb=Hn8nyx8K3-sgRMDr80q34Jp9JWU2pYf2xVEHOlaHiuLIPeuAugt4t556OnZFVT5OhnqVc1zQSAKJD1_m5GPjBVxE3PzUIavlF8S5ru1nuy4cdffo4YW6q16vsoE3bfrZN2EOWKVIwYebVgOzZzvmfg%3D%3D&xkcb=SoDs67M3oHIY2yATir0LbzkdCdPP&fccid=4d896a77d79f011b&vjs=3
Senior Python Developer,"Appex innovationMcLean, VA 22101","Appex innovationMcLean, VA 22101",,,senior,,,https://www.indeed.com/rc/clk?jk=fba95786ba182a05&bb=Hn8nyx8K3-sgRMDr80q34GGT5RmeRTZuvWFdDItn2R7AK0d0bNf6hNsab0YOicXacR7Cutosi4tHY1pU05ercCZNWi-h3QqIkp3J3o8ns7esJOFy1_aJsfwtroIDAByW1aH0KJZfOhgpczYLxfVijg%3D%3D&xkcb=SoBY67M3oHIY2yATir0KbzkdCdPP&fccid=218551920dca704b&cmp=Appex-Innovation&ti=Python+Developer&vjs=3
Senior Python Developer,"CONSULTREE CONSULTING SERVICES LLCSan Diego, CA 92101 (East Village area)","CONSULTREE CONSULTING SERVICES LLCSan Diego, CA 92101 (East Village area)",,,senior,,,https://www.indeed.com/rc/clk?jk=5416071eb3a9e2fc&bb=Hn8nyx8K3-sgRMDr80q34JiyEsTfE876ysv0oqY3qXc0iKXI3rw0mH5NWCWpdDYwuU2tJIAYdgu4herVFQsx6cVTbG5hL0TUfr9wwRt7EU0zfG47kGuo_vqMsDN1ySB72Igu4ZunSfXIoEW_h_2QaA%3D%3D&xkcb=SoDF67M3oHIY2yATir0JbzkdCdPP&fccid=ae03e768c9049d8c&cmp=CONSULTREE-CONSULTING-SERVICES-LLC&ti=Python+Developer&vjs=3
Python Developer,"omega solutions incTampa, FL","omega solutions incTampa, FL",,,,,,https://www.indeed.com/rc/clk?jk=075936ed713bd8e3&bb=Hn8nyx8K3-sgRMDr80q34AyTLiM2qohttWKzlXgHawbLnLkP56Yfe66qKQag3-sFrawHZ62FzuhdcPPSCSWAgADlGt_JVcRtMHSoAxmfctH2t4VRs8tca0Z51FVG3zo0nSEiAUClpsWW4PhtrHMaMA%3D%3D&xkcb=SoBx67M3oHIY2yATir0IbzkdCdPP&fccid=9e399301940ed66e&vjs=3
Senior Python Developer,"Sevvel Consultancy ServicesRutherford, NJ 07070","Sevvel Consultancy ServicesRutherford, NJ 07070",,,senior,,,https://www.indeed.com/rc/clk?jk=02e4db0b102c6863&bb=Hn8nyx8K3-sgRMDr80q34NSH4m7XmeHK4f46rZFlUR2egO231EXoq3hZGQpNi0qleVfDZGsaVpn8e9Hy2MlntkrMoSZf1gV-xEwwZON0M3UJVORqbSEXbugQfby3jgctSkDI9_q1CITbcT6UVIhvpg%3D%3D&xkcb=SoD_67M3oHIY2yATir0PbzkdCdPP&fccid=dd616958bd9ddc12&cmp=Sevvel-Consultancy-Services&ti=Python+Developer&vjs=3
Senior Python Software Developer,"Synergy ECPAnnapolis Junction, MD","Synergy ECPAnnapolis Junction, MD",,,senior,,,https://www.indeed.com/rc/clk?jk=d3bc574d9b322af7&bb=Hn8nyx8K3-sgRMDr80q34FVkDSsRkkw6qomUu96rb2WTN3PMorg6yfS7bq1uU0ILBHOOCSm484QGtaSThKmxf_R_vnaHh7NeQhN4HXSZZO6OQCaGQ1uy_Ksw6n1IV5-VXdaS5VeP2NSzh7rBqgQY1Q%3D%3D&xkcb=SoBL67M3oHIY2yATir0ObzkdCdPP&fccid=04df97bb39016a81&vjs=3
Senior AI Developer,EBizChargeRemote,EBizChargeRemote,remote,,senior,,,https://www.indeed.com/rc/clk?jk=baf25650233b5b96&bb=Hn8nyx8K3-sgRMDr80q34CVPR1Jmt4wYefoOntJBZ_cAdG5BeHyxIFDe_HzNXMEA5ThbC3mCZ-d2gzDwfXndZ6zrGNArLLDiMQ_567eLhjB2-eEzihj3C4In3IYY3KHrcIyCFh4WvZooRkCmEB7Cmg%3D%3D&xkcb=SoDW67M3oHIY2yATir0NbzkdCdPP&fccid=a4b78bb361a2befc&vjs=3
AI Engineer/Data Scientist,"SPRChicago, IL","SPRChicago, IL",,,,,,https://www.indeed.com/rc/clk?jk=4b1f394f5f85a0e8&bb=Hn8nyx8K3-sgRMDr80q34EizLQ2DuQEcj-A6joaAbOos-wBh_RdB7FPHAbB5rg3O7jpedt0EgmoZfcvyDH7lxuB_4CCK-PUOW7dUmSCOwOCdqVzoVxsUV1aFhkdu-7L-InsKEgrNSPEe7qFCEpZ12g%3D%3D&xkcb=SoBi67M3oHIY2yATir0MbzkdCdPP&fccid=6d075cd02552081a&vjs=3
Founding Quant Developer,"PoesisSan Francisco, CA","PoesisSan Francisco, CA",,,,,,https://www.indeed.com/rc/clk?jk=da0dad5fa383f597&bb=Hn8nyx8K3-sgRMDr80q34PMMxcYgDWHHT1_YfPvQGpYljRn6uu9BaoHdElQxK0Cbg3l3oeOD-p4t4CW7pPhOfpSMIqa5bUZxYX5TCdWxqVOFh5aIWMQNdsENjWVcoHjog5mKg5m60lIjnVQ3yyRZHg%3D%3D&xkcb=SoCL67M3oHIY2yATir0DbzkdCdPP&fccid=8ea313868be0bba2&vjs=3
"Senior Backend / SDK Engineer, Growth Infrastructure",AerospikeRemote,AerospikeRemote,remote,,senior,,,https://www.indeed.com/rc/clk?jk=a0a8e2dc1a715104&bb=Hn8nyx8K3-sgRMDr80q34Khjr5cAItEmPOEZH0-2IpNfpyvJ--DMPUqtwxtybE03TqlS-XHSlqTfWuka4ah1nX_5I1RwHvt_qp1G4n_T7YOJV3sPrkr-I0r6xCWOQFkZQw9RvTw6PoAhvdTPc9Gx9A%3D%3D&xkcb=SoA_67M3oHIY2yATir0CbzkdCdPP&fccid=6858f8d0205a568a&vjs=3
AI Agent Developer,"WPPHybrid work in New York, NY","WPPHybrid work in New York, NY",,,,,,https://www.indeed.com/rc/clk?jk=aaf65f323dade71c&bb=Hn8nyx8K3-sgRMDr80q34MhEcDaZP2PSzVX5ZNZLTxHH9sjICMFeRLQyEdsZLdLX_UXmyax_dISt_7mtf258cD2NHd8qZuOfP6d6f_H7H80F9d13ABq3hjqvhYpcM84YkReAS0ISzDCYvQsJ68LgGw%3D%3D&xkcb=SoCi67M3oHIY2yATir0BbzkdCdPP&fccid=9c2a6011942e3adb&vjs=3
AI Agent Developer,"WPPHybrid work in New York, NY","WPPHybrid work in New York, NY",,,,,,https://www.indeed.com/viewjob?jk=cdef0123456789ab
"Intermediate Python Developer, Data Products","AlembicSan Francisco, CA (Haight Ashbury area)","AlembicSan Francisco, CA (Haight Ashbury area)",,,,,,https://www.indeed.com/rc/clk?jk=8a31fe6f0e4e99ec&bb=Hn8nyx8K3-sgRMDr80q34Gty1uZ6NjsEL80XVeKBTkNFoZdKxyfnjcjtkU1OdX2PgwseW0FeeNoXnaVwHIRxSrvUPV-VcTcjEabnryI3pftPS3YM2itmRdGTRsppCe70RP94WM52pU3rbDYuiZHFSA%3D%3D&xkcb=SoAW67M3oHIY2yATir0AbzkdCdPP&fccid=262d035f0600b46a&vjs=3
Solution Engineer,Tarpon HealthRemote,Tarpon HealthRemote,remote,,,,,https://www.indeed.com/rc/clk?jk=87f5c02d0f6e110b&bb=Hn8nyx8K3-sgRMDr80q34FMnrESYwgiQOyj9Xl7yK195oqV1QvPWNY4jVGC3c3wtSOKIRNNuO-8gs9iSlZM4_9ykQ0RQOJMLVb-Y4wXn9wwYfxve0kGOYCATn8D1vBqO-9JgZrohmt5kLlTQT8opHA%3D%3D&xkcb=SoCY67M3oHIY2yATir0HbzkdCdPP&fccid=dd616958bd9ddc12&vjs=3
Data Scientist,"SajixPleasanton, CA 94566","SajixPleasanton, CA 94566",,,,,,https://www.indeed.com/rc/clk?jk=a4f3e98fa98cb261&bb=Hn8nyx8K3-sgRMDr80q34Hs4IADfP76-XoWDu_R1paAvPC9XEvfl6IR7W_SgZkbx_mDECW5tg_xNLiHvlU8u3mmVPkP7jXS2FuorV1uQRajDzkZP_mUhZGWrwJ5tpdJxSPu345-6YzAB4-XG2gzkzw%3D%3D&xkcb=SoAs67M3oHIY2yATir0GbzkdCdPP&fccid=dd616958bd9ddc12&vjs=3
Machine Learning Engineer,"SajixPleasanton, CA 94566","SajixPleasanton, CA 94566",,,,,,https://www.indeed.com/rc/clk?jk=c992bb46fbbb0a2d&bb=Hn8nyx8K3-sgRMDr80q34NKKpceSw0ZEsjyJZ260JKSngUho7pKY63wBIRgJTvH-KgRZ4zvzs7_6n5ay_TRUvnWi6Ce8m1JEEpOhERj_qhUnLLlc8oh6zBCG4bT90ZKH5WkuWuCXEhG2mxTazCkvdQ%3D%3D&xkcb=SoCx67M3oHIY2yATir0FbzkdCdPP&fccid=dd616958bd9ddc12&vjs=3
